{"cameraMode":{"drawMode":0,"name":"Shaded","section":"Shading Mode"},"sceneLighting":true,"audioPlay":false,"sceneViewState":{"showFog":false,"showMaterialUpdate":false,"showSkybox":false,"showFlares":false,"showImageEffects":false,"showParticleSystems":false},"in2DMode":false,"pivot":{"x":16.48760986328125,"y":-7.903827667236328,"z":-9.8883056640625},"rotation":{"x":-0.7414314150810242,"y":-0.031151436269283296,"z":0.03450218588113785,"w":-0.6694166660308838},"size":37.8207893371582,"orthographic":true}