{"cameraMode":{"drawMode":0,"name":"Shaded","section":"Shading Mode"},"sceneLighting":true,"audioPlay":false,"sceneViewState":{"showFog":false,"showMaterialUpdate":false,"showSkybox":false,"showFlares":false,"showImageEffects":false,"showParticleSystems":false},"in2DMode":false,"pivot":{"x":0.9475377202033997,"y":52.375125885009769,"z":-10.03242301940918},"rotation":{"x":0.13117052614688874,"y":0.7061687707901001,"z":-0.13573551177978517,"w":0.6824191212654114},"size":93.88359069824219,"orthographic":true}