{"cameraMode":{"drawMode":0,"name":"Shaded","section":"Shading Mode"},"sceneLighting":false,"audioPlay":false,"sceneViewState":{"showFog":false,"showMaterialUpdate":false,"showSkybox":false,"showFlares":false,"showImageEffects":false,"showParticleSystems":false},"in2DMode":false,"pivot":{"x":15.100000381469727,"y":6.729496002197266,"z":5.899999618530273},"rotation":{"x":0.0025150966830551626,"y":-0.9919472932815552,"z":0.12504488229751588,"w":0.019952213391661645},"size":37.566017150878909,"orthographic":false}