{"cameraMode":{"drawMode":0,"name":"Shaded","section":"Shading Mode"},"sceneLighting":true,"audioPlay":false,"sceneViewState":{"showFog":false,"showMaterialUpdate":false,"showSkybox":false,"showFlares":false,"showImageEffects":false,"showParticleSystems":false},"in2DMode":false,"pivot":{"x":55.13758850097656,"y":3.5,"z":-16.244352340698243},"rotation":{"x":-0.4545268416404724,"y":-0.013360096141695977,"z":0.0068184020929038528,"w":-0.8906068205833435},"size":27.267377853393556,"orthographic":true}