{"cameraMode":{"drawMode":0,"name":"Shaded","section":"Shading Mode"},"sceneLighting":false,"audioPlay":false,"sceneViewState":{"showFog":false,"showMaterialUpdate":false,"showSkybox":false,"showFlares":false,"showImageEffects":false,"showParticleSystems":false},"in2DMode":false,"pivot":{"x":15.100000381469727,"y":6.729496002197266,"z":5.899999618530273},"rotation":{"x":-0.07036164402961731,"y":-0.7420675754547119,"z":0.07887887954711914,"w":-0.6619389653205872},"size":37.566017150878909,"orthographic":false}